"x","y","z","vx","vy","vz","t"
0.612998349240424,0.113460987909902,0.562589660633151,0.000866573975022433,-0.000888528355402762,2.79678597836508e-05,1
0.613002682110299,0.113456545268125,0.562589800472449,0.000848607131986867,-0.00108104997064429,-3.37659167737314e-05,1.005
0.613006925145959,0.113451140018272,0.562589631642866,0.000806943834730234,-0.00129201433349546,-0.000132935144070423,1.01
0.613010959865133,0.113444679946604,0.562588966967145,0.000746906432991246,-0.00150393069435206,-0.00026733766322895,1.015
0.613014694397298,0.113437160293132,0.562587630278829,0.000675401446192936,-0.00169807660128085,-0.000430725174727087,1.02
0.613018071404529,0.113428669910126,0.562585476652955,0.000600036679099247,-0.00185662848275481,-0.000613276518257599,1.025
0.613021071587924,0.113419386767712,0.562582410270364,0.00052817343263456,-0.00196470065244592,-0.00080245252738198,1.03
0.613023712455087,0.11340956326445,0.562578398007727,0.000466077868210846,-0.00201202687966084,-0.000984064735876089,1.035
0.613026042844429,0.113399503130052,0.562573477684048,0.0004183126783186,-0.00199400532040206,-0.00114337158303446,1.04
0.61302813440782,0.11338953310345,0.562567760826133,0.000387470887330821,-0.00191196878762956,-0.0012660833627498,1.045
0.613030071762257,0.113379973259511,0.562561430409319,0.000374274219705484,-0.00177274303856945,-0.00133925794361112,1.05
0.613031943133355,0.113371109544319,0.562554734119601,0.000377935195272627,-0.0015876769597245,-0.00135213032164128,1.055
0.613033832809332,0.11336317115952,0.562547973467993,0.00039658098751616,-0.00137136535547366,-0.00129692531181114,1.06
0.613035815714269,0.113356314332743,0.562541488841434,0.000427534982239131,-0.00114030313424773,-0.00116968942471818,1.065
0.61303795338918,0.113350612817071,0.56253564039431,0.000467355181021922,-0.000911697369165854,-0.000971152054463076,1.07
0.613040290165086,0.113346054330226,0.562530784634038,0.000511667618319223,-0.000702566680579886,-0.000707562280410912,1.075
0.613042848503177,0.113342541496823,0.562527246822636,0.000554921034012779,-0.000529104691773807,-0.000391364776630709,1.08
0.613045623108347,0.113339895973364,0.562525289998753,0.000590191780713845,-0.000406166463426394,-4.15419988852861e-05,1.085
0.613048574067251,0.113337865141047,0.562525082288758,0.00060912124848489,-0.000346690225538904,0.000316524007959451,1.09
0.613051619673493,0.113336131689919,0.562526664908798,0.000602030061358505,-0.000360868983423357,0.000651790126249274,1.095
0.6130546298238,0.113334327345002,0.562529923859429,0.000558254073368403,-0.000454949227463031,0.000929019815143484,1.1
0.613057421094167,0.113332052598865,0.562534568958505,0.000466774574503503,-0.000629704829396838,0.00111109943601306,1.105
0.613059754967039,0.113328904074718,0.562540124455685,0.000317227597879111,-0.000878877131221811,0.00116222509038977,1.11
0.613061341105029,0.113324509689061,0.562545935581137,0.00010134292740549,-0.00118804006863094,0.0010517949217359,1.115
0.613061847819666,0.113318569488718,0.562551194555746,-0.000185207726199899,-0.00153433126673652,0.000758645437004546,1.12
0.613060921781035,0.113310897832385,0.562554987782931,-0.000540655986824845,-0.00188730462736264,0.00027516993934551,1.125
0.613058218501101,0.113301461309248,0.562556363632627,-0.000954874904190994,-0.00221089624903581,-0.000389109401432997,1.13
0.61305344412658,0.113290406828003,0.56255441808562,-0.00140733304954122,-0.0024662677527848,-0.00120484472232452,1.135
0.613046407461332,0.113278075489239,0.562548393862009,-0.0018657028822755,-0.00261520330855358,-0.002121307412839,1.14
0.613037078946921,0.113264999472696,0.562537787324944,-0.00228560255863819,-0.002623789544004,-0.00306627191402065,1.145
0.613025650934127,0.113251880524976,0.562522455965374,-0.00261189678525398,-0.00246619928440384,-0.00394774342844517,1.15
0.613012591450201,0.113239549528554,0.562502717248232,-0.0027818681719971,-0.00212845481093182,-0.00465803922153896,1.155
0.612998682109341,0.113228907254499,0.562479427052124,-0.00273041635459048,-0.00161206336806163,-0.00508071923635001,1.16
0.612985030027568,0.113220846937659,0.562454023455943,-0.00239723011890014,-0.000937408694917652,-0.00510065089218692,1.165
0.612973043876974,0.113216159894184,0.562428520201482,-0.00173561182881254,-0.000146733432540569,-0.00461708937495864,1.17
0.61296436581783,0.113215426227022,0.562405434754607,-0.00072237364419081,0.000693555047504013,-0.00355912528975377,1.175
0.612960753949609,0.113218894002259,0.562387639128158,0.000631974409603941,0.00149164992544193,-0.00190230011161141,1.18
0.612963913821657,0.113226352251886,0.5623781276276,0.00227366587794986,0.00213065849932748,0.000315279082507836,1.185
0.612975282151046,0.113237005544383,0.562379704023013,0.00409776405214668,0.00247091397133081,0.00297933919448656,1.19
0.612995770971307,0.11324936011424,0.562394600718985,0.00594292737425839,0.00235456209045082,0.00589059177584783,1.195
0.613025485608178,0.113261132924692,0.562424053677864,0.00758980720700908,0.00161239098687704,0.00876292428062531,1.2
0.613063434644214,0.113269194879626,0.562467868299267,0.00876384757677595,7.25177154187184e-05,0.0112307188369298,1.205
0.613107253882097,0.113269557468203,0.562524021893452,0.00914295900189543,-0.0024297545177937,0.0128669087924749,1.21
0.613152968677107,0.113257408695614,0.562588356437414,0.00837010788903303,-0.00604183452458384,0.0132126770155505,1.215
0.613194819216552,0.113227199522992,0.562654419822492,0.00607031316357531,-0.0108846266614726,0.0118187931501978,1.22
0.61322517078237,0.113172776389684,0.562713513788243,0.00187092160721658,-0.0170454137034648,0.00829750675674923,1.225
0.613234525390406,0.113087549321167,0.562755001322027,-0.00457658918360249,-0.0245739084422769,0.00238274662462956,1.23
0.613211642444488,0.112964679778955,0.56276691505515,-0.0135755567192808,-0.0334821804716667,-0.00600476548364703,1.235
0.613143764660892,0.112797268876597,0.562736891227732,-0.025366386034742,-0.0437486747985688,-0.0166919405499844,1.24
0.613016932730718,0.112578525502604,0.562653431524982,-0.040114535064828,-0.0553260002687933,-0.0291926942494358,1.245
0.612816360055394,0.11230189550126,0.562507468053735,-0.0579060171859158,-0.0681516475648125,-0.0426584023786925,1.25
0.612526829969464,0.111961137263436,0.562294176041841,-0.0787511121364659,-0.0821603750838285,-0.0558458862877753,1.255
0.612133074408782,0.111550335388017,0.562014946610402,-0.102595641711112,-0.0972967226277932,-0.0671091293090509,1.26
0.611620096200226,0.111063851774878,0.561679400963857,-0.129337864954837,-0.113526001582459,-0.074420141652598,1.265
0.610973406875452,0.110496221766966,0.561307300255594,-0.158848047529436,-0.130842197226647,-0.0754231126984806,1.27
0.610179166637805,0.109842010780833,0.560930184692102,-0.190987229333062,-0.149271469455708,-0.0675241315687414,1.275
0.60922423049114,0.109095653433554,0.560592564034258,-0.225621652411356,-0.168870230202292,-0.0480161179088112,1.28
0.608096122229083,0.108251302282543,0.560352483444714,-0.262629638933043,-0.189717067188888,-0.0142350033309313,1.285
0.606782974034418,0.107302716946598,0.560281308428059,-0.301898405781276,-0.211898205582017,0.0362613399263134,1.29
0.605273482005511,0.106243225918688,0.560462615127691,-0.343309415665782,-0.235486939574045,0.105505003654338,1.295
0.603556934927182,0.105065791220818,0.560990140145962,-0.386712448194571,-0.260518659762682,0.194939073357681,1.3
0.601623372686209,0.103763197922004,0.561964835512751,-0.431890577444527,-0.286964669121723,0.305269085113746,1.305
0.599463919798987,0.102328374576396,0.56349118093832,-0.478520364415802,-0.314709318299367,0.436366014805012,1.31
0.597071317976908,0.100754827984899,0.565673011012345,-0.526133264638151,-0.343535095149025,0.587237418871189,1.315
0.594440651653717,0.0990371525091539,0.568609198106701,-0.574084935617769,-0.373118654653901,0.756074642679683,1.32
0.591570226975628,0.0971715592358844,0.572389571320099,-0.621538458843141,-0.403038060305555,0.940372548770729,1.325
0.588462534681413,0.0951563689343566,0.577091434063953,-0.66746551403607,-0.432789139872172,1.13710641496281,1.33
0.585125207111232,0.0929924232349957,0.582776966138767,-0.710666740791677,-0.461807801770892,1.3429413591314,1.335
0.581571873407274,0.0906833842261413,0.589491672934424,-0.749809663105583,-0.489495361915276,1.554445513792,1.34
0.577822825091746,0.0882359074165649,0.597263900503384,-0.783480363609712,-0.515244703563286,1.76828053814213,1.345
0.573905423273697,0.0856596838987485,0.606105303194094,-0.810243964909318,-0.538465729680132,1.98135092233329,1.35
0.569854203449151,0.0829673552503478,0.616012057805761,-0.828708868974215,-0.558608729980228,2.19090391235059,1.355
0.56571065910428,0.0801743116004466,0.626966577367514,-0.837590272197608,-0.575184150034699,2.39458139177091,1.36
0.561522707743292,0.0772983908502732,0.638939484326368,-0.835769267718378,-0.587777363666403,2.59043144428792,1.365
0.5573438614047,0.0743595040319411,0.651891641547808,-0.8223445669576,-0.596057767896313,2.77688997609835,1.37
0.553232138569912,0.0713792151924596,0.6657760914283,-0.79667445276832,-0.59978257063818,2.95274248930291,1.375
0.54924876630607,0.0683803023392687,0.680539803874814,-0.758407050255361,-0.598796478622868,3.11707438402533,1.38
0.545456731054793,0.0653863199461543,0.696125175794941,-0.707497405821078,-0.593028922709768,3.26921642831572,1.385
0.541919244025688,0.0624211753326055,0.71247125793652,-0.644210340295315,-0.582490581140516,3.40869088176072,1.39
0.538698192324211,0.0595087224269029,0.729514712345323,-0.56910880135399,-0.567270702200018,3.53516291422369,1.395
0.535852648317441,0.0566723689159028,0.747190526916442,-0.483028510691574,-0.547535847958831,3.64840084217883,1.4
0.533437505763984,0.0539346896761087,0.765432531127336,-0.387040866052635,-0.523529240549722,3.7482470776447,1.405
0.53150230143372,0.0513170434733601,0.784173766515559,-0.282407084022807,-0.495568438639608,3.83459979925589,1.41
0.530090266013606,0.048839201280162,0.803346765511839,-0.170527271384224,-0.464038366927053,3.90740374422762,1.415
0.529237629656685,0.0465190094455268,0.822883784232977,-0.0528882548360921,-0.429377324000751,3.96664772491535,1.42
0.528973188382505,0.044372122825523,0.842717022857554,0.0689865697189651,-0.392055461226312,4.01236667865441,1.425
0.5293181212311,0.0424118455193914,0.862778856250826,0.193583196338598,-0.352547560637567,4.04464686819912,1.43
0.530286037212793,0.0406491077162036,0.883002090591821,0.319437734301542,-0.311303613198989,4.06363352589643,1.435
0.5318832258843,0.0390925896502087,0.903320258221303,0.445171586896786,-0.268721040484557,4.06954026948863,1.44
0.534109083818784,0.0377489844477859,0.923667959568746,0.56952097346481,-0.2251216395643,4.06265910541741,1.445
0.536956688686108,0.0366233762499644,0.943981255095834,0.691360555097309,-0.180735256959075,4.04336929990792,1.45
0.540413491461595,0.035719699965169,0.964198101595373,0.809720766685196,-0.135691454244458,4.01214329359412,1.455
0.544462095295021,0.0350412426939467,0.984258818063344,0.923798476732718,-0.0900200943043272,3.9695482232921,1.46
0.549081087678684,0.0345911422224251,1.0041065591798,1.03296083510578,-0.0436615024163825,3.9162422169968,1.465
0.554245891854213,0.0343728347103432,1.02368777026479,1.13674249880675,0.00351378667293872,3.85296513891884,1.47
0.559929604348247,0.0343904036437079,1.04295259595938,1.23483665544939,0.0516768515751817,3.7805238495892,1.475
0.566103787625494,0.0346487879015838,1.06185521520733,1.32708037835558,0.10100628642193,3.69977255250316,1.48
0.572739189517272,0.0351538193336934,1.08035407796984,1.41343499161291,0.151651649223906,3.61158957794432,1.485
0.579806364475336,0.0359120775798129,1.09841202585957,1.49396234194885,0.20369821369869,3.51685277528215,1.49
0.587276176185081,0.0369305686483064,1.11599628973598,1.56879810590929,0.257136541576872,3.4164160737256,1.495
0.595120166714627,0.0382162513561908,1.1330783701046,1.63812351063963,0.311839847270504,3.31108945180816,1.5
0.603310784267825,0.0397754505925433,1.14963381736365,1.70213711284355,0.36755147286946,3.20162371877744,1.505
0.611821469832043,0.0416132079568906,1.16564193595753,1.76102843577737,0.423884126631718,3.08870061590105,1.51
0.62062661201093,0.0437326285900492,1.18108543903704,1.81495517589279,0.480331707562646,2.97292809106011,1.515
0.629701387890394,0.0461342871278624,1.19595007949234,1.86402536595582,0.536293319774897,2.8548402163505,1.52
0.639021514720173,0.0488157537267369,1.21022428057409,1.90828545144055,0.591107552164592,2.73490107305645,1.525
0.648562941977376,0.0517712914875598,1.22389878593937,1.94771485160523,0.644093658223402,2.61351197325728,1.53
0.658301516235402,0.0549917597786768,1.23696634580566,1.98222726222506,0.6945953723071,2.49102148273037,1.535
0.668212652546527,0.0584647366402123,1.24942145321931,2.01167857285443,0.742022996245599,2.36773770021967,1.54
0.678271045410799,0.0621748516214403,1.26126014172041,2.03588070144904,0.785890000498336,2.24394204588823,1.545
0.688450448918044,0.066104301623932,1.27247985194985,2.05462002241987,0.825841376947065,2.11990341495252,1.55
0.698723549030144,0.0702335085086673,1.28307936902461,2.06767867229587,0.861671977188586,1.99589113714467,1.555
0.709061942391623,0.0745418683946103,1.29305882471034,2.07485697878584,0.893333819425146,1.87218508528897,1.56
0.719436227285552,0.079008537491736,1.30241975013678,2.07599538580794,0.920931890115356,1.74908170166939,1.565
0.729816204214592,0.0836131969423128,1.31116515864513,2.07099431518696,0.944708608090106,1.62689549017188,1.57
0.740171175790527,0.0883367399827633,1.31929963609599,2.05983041266793,0.965018124446959,1.50595624854368,1.575
0.750470327853866,0.0931618306049981,1.32682941733871,2.04256769959055,0.982292964092918,1.38660271180915,1.58
0.760683166351819,0.0980732954254627,1.33376243089775,2.01936237976761,0.997006721339094,1.26917343799504,1.585
0.770779978250657,0.103058329032158,1.34010829808773,1.99046048862732,1.0096368282353,1.15399602610022,1.59
0.780732280693794,0.108106513173335,1.34587827821823,1.95618829355075,1.02063043533622,1.04137620460865,1.595
0.790513222161548,0.113209665350016,1.35108515924127,1.91693634804548,1.03037496083337,0.931588503878622,1.6
0.800097903901775,0.118361540154183,1.35574310176066,1.87313906604554,1.03917410918424,0.82486963789008,1.605
0.809463599232003,0.123557410700104,1.35986744995012,1.82525216089635,1.04723018095193,0.721414660042141,1.61
0.818589860036484,0.128793561604863,1.36347452325033,1.77373017998836,1.05463334964776,0.621375217050302,1.615
0.827458510936426,0.134066728353102,1.36658139933558,1.71900599057673,1.06135824849566,0.524859015534629,1.62
0.83605354088931,0.139373519595581,1.36920569441325,1.66147368231835,1.06726856795266,0.431929482338633,1.625
0.844360909300902,0.144709862435344,1.37136534182494,1.60147585056021,1.07213103029113,0.342604473887187,1.63
0.852368288553703,0.1500705175868,1.37307836419438,1.53929551781324,1.07563944386563,0.256853373330568,1.635
0.860064766142769,0.155448714806128,1.37436263106103,1.47515231303386,1.07744726089776,0.174593270927659,1.64
0.867440527707938,0.160835951110616,1.37523559741567,1.40920244219691,1.07720482170281,0.0956864978990168,1.645
0.874486539918923,0.166221975219131,1.37571402990517,1.34154255572123,1.07459653610901,0.0199426994025753,1.65
0.881194252697529,0.171594957899676,1.37581374340218,1.2722182885271,1.0693733267126,-0.0528714584590251,1.655
0.887555344140164,0.176941824533239,1.37554938610988,1.20123831155172,1.06137610551931,-0.123012845663606,1.66
0.893561535697923,0.182248705060835,1.37493432188157,1.12859408748431,1.05054693694521,-0.190732178661523,1.665
0.899204506135345,0.187501439745561,1.37398066098826,1.05428467905497,1.0369261378528,-0.256235287598372,1.67
0.90447592953062,0.192686070434825,1.37269948455027,0.978345355022348,1.02063561261615,-0.319637975093379,1.675
0.909367656305731,0.197789248497906,1.3711012946748,0.900878324609944,1.0018504869526,-0.380918152493237,1.68
0.913872047928781,0.202798500932669,1.36919670391233,0.822083463778478,0.980762202304758,-0.439869645133673,1.685
0.917982465247673,0.207702311944193,1.36699735568666,0.742286361261857,0.957536972349671,-0.496062481272519,1.69
0.921693897053983,0.212489996805941,1.3645170432803,0.661960571495479,0.932274224932017,-0.54881483119682,1.695
0.92500369991146,0.217151367930601,1.36177296912432,0.581740730046776,0.904970161177576,-0.597182156989096,1.7
0.927912403561694,0.221676218736489,1.35878705833937,0.502423231822302,0.8754914715569,-0.63996921958287,1.705
0.930424519720805,0.226053676094273,1.35558721224146,0.424951599997225,0.843563507592088,-0.675769797206627,1.71
0.932549277720792,0.230271493632234,1.35220836325542,0.350384583400576,0.80877609830457,-0.703037037995369,1.715
0.934301200637794,0.234315374123757,1.34869317806545,0.279846410214213,0.770608945048912,-0.720184431189264,1.72
0.935700432688865,0.238168418849001,1.3450922559095,0.214460408433337,0.728477041978037,-0.725713699967301,1.725
0.936772734731032,0.241810804058891,1.34146368740967,0.155269297717275,0.681794624424736,-0.718361791796873,1.73
0.937549081219619,0.245219777181015,1.33787187845068,0.103147827726691,0.630053676344089,-0.69725496343791,1.735
0.938064820358252,0.248370045562736,1.33438560363349,0.0587159800782944,0.572910195766019,-0.662054207195339,1.74
0.938358400258643,0.251234596541566,1.33107533259751,0.0222632567058456,0.510268610048914,-0.613073483769888,1.745
0.938469716542173,0.25378593959181,1.32800996517867,-0.00630419057263687,0.442352652138767,-0.551351126169752,1.75
0.93843819558931,0.255997702852504,1.32525320954782,-0.0274826846569542,0.369750537058977,-0.478656329833083,1.755
0.938300782166025,0.257846455537799,1.32285992789865,-0.042149013122339,0.293423900538803,-0.397417924280585,1.76
0.938090037100413,0.259313575040493,1.32087283827725,-0.0514958717890313,0.214673464979442,-0.310572409755494,1.765
0.937832557741468,0.26038694236539,1.31931997622847,-0.0569309572145071,0.135059466333154,-0.22134224801027,1.77
0.937547902955395,0.261062239697056,1.31821326498842,-0.0599536435651471,0.0562816438794744,-0.132971054635522,1.775
0.93724813473757,0.261343647916453,1.31754840971524,-0.0620285331416337,-0.019968227048428,-0.0484543690466577,1.78
0.936937992071861,0.261243806781211,1.31730613787001,-0.0644754674997694,-0.092160934223362,0.0296926543704501,1.785
0.936615614734363,0.260783002110094,1.31745460114186,-0.0683902929137892,-0.159068433450815,0.0995979949756087,1.79
0.936273663269794,0.25998765994284,1.31795259111674,-0.07460234033283,-0.219867132881679,0.160109797678576,1.795
0.93590065156813,0.258888324278432,1.31875314010513,-0.0836669047274974,-0.274195040319336,0.210789215881269,1.8
0.935482317044492,0.257517349076835,1.31980708618454,-0.0958862342911759,-0.32216094003501,0.251834072581403,1.805
0.935002885873036,0.25590654437666,1.32106625654744,-0.111350736001548,-0.364310130798107,0.283955279351522,1.81
0.934446132193028,0.25408499372267,1.3224860329442,-0.129992144602031,-0.401554589148712,0.308228642284725,1.815
0.933796171470018,0.252077220776926,1.32402717615563,-0.15164108635437,-0.435076936182033,0.32594110157298,1.82
0.933037966038246,0.249901836096016,1.32565688166349,-0.176082161799185,-0.466218386742545,0.33844521196924,1.825
0.93215755522925,0.247570744162303,1.32734910772334,-0.203100528936728,-0.4963610648831,0.347030854235442,1.83
0.931142052584567,0.245088938837888,1.32908426199451,-0.23251550031298,-0.526814293726896,0.352819661632786,1.835
0.929979475083002,0.242454867369253,1.33084836030268,-0.264198903961765,-0.558712826657282,0.356685411691249,1.84
0.928658480563193,0.239661303235967,1.33263178736113,-0.298078302640614,-0.592933148838681,0.359202227343491,1.845
0.92716808904999,0.236696637491773,1.33442779849785,-0.334127049496935,-0.630032337419728,0.360621290330609,1.85
0.925497453802505,0.233546475804675,1.33623090494951,-0.372344418257642,-0.670212372076934,0.36087543774741,1.855
0.923635731711217,0.23019541394429,1.33803528213824,-0.41272972903641,-0.713311057240712,0.359609346511913,1.86
0.921572083066035,0.226628858658087,1.3398333288708,-0.455254566287411,-0.758818935513994,0.356231199029367,1.865
0.919295810234598,0.222834763980517,1.34161448486595,-0.499836943368503,-0.805919871362576,0.349980138356232,1.87
0.916796625517756,0.218805164623704,1.34336438555773,-0.546320721461591,-0.853551418589155,0.340002832918129,1.875
0.914065021910448,0.214537407530758,1.34506439972232,-0.594462868661783,-0.900479736037263,0.32543230073685,1.88
0.911092707567139,0.210035008850572,1.346691561226,-0.643930377580215,-0.945382872641454,0.305462763423536,1.885
0.907873055679238,0.205308094487364,1.34821887504312,-0.69430788666347,-0.986935916644505,0.279415437634301,1.89
0.90440151624592,0.200373414904142,1.34961595223129,-0.745116165055393,-1.02389185286329,0.246791484347542,1.895
0.900675935420643,0.195253955639825,1.35084990965303,-0.795840509591028,-1.0551528196227,0.207309598135419,1.9
0.896696732872688,0.189978191541712,1.35188645764371,-0.845966831906853,-1.0798275372183,0.160926837107755,1.905
0.892466898713154,0.18457905385562,1.35269109182925,-0.895022008615176,-1.09727185121972,0.107842291859583,1.91
0.887991788670078,0.179092694599522,1.35323030328855,-0.942614167208777,-1.10711060093607,0.0484842000373575,1.915
0.883278717834034,0.173557141594841,1.35347272428873,-0.98846816042657,-1.10924042801386,-0.0165178103250341,1.92
0.878336377031901,0.168010939454772,1.35339013523711,-1.03245163678274,-1.1038146493967,-0.086372742423535,1.925
0.873174118847988,0.162491866207789,1.35295827152499,-1.07458790025161,-1.09121273360513,-0.160177400809403,1.93
0.86780117934673,0.157035802539763,1.35215738452094,-1.115053217865,-1.07199804045117,-0.23697132207916,1.935
0.862225913257404,0.151675812337507,1.35097252791055,-1.15415827117296,-1.04686836615626,-0.315793604018655,1.94
0.85645512190154,0.146441470506726,1.34939355989045,-1.19231560908966,-1.01660449064475,-0.395737147962505,1.945
0.850493543856091,0.141358448053502,1.34741487415064,-1.22999663833427,-0.982021883388839,-0.475995790915862,1.95
0.84434356066442,0.136448338636558,1.34503489519606,-1.26768255595291,-0.94392952491944,-0.555900916669128,1.955
0.838005147884656,0.131728691011961,1.34225539061272,-1.3058138402497,-0.903097902199906,-0.634945993241898,1.96
0.831476078683407,0.127213201500961,1.33908066064651,-1.3447428240922,-0.860236770583747,-0.712799096834527,1.965
0.824752364562946,0.122912017648043,1.33551666516233,-1.3846935764295,-0.81598268872968,-0.789304355566811,1.97
0.817828896680799,0.118832104204394,1.3315701433845,-1.425732614486,-0.770895936694488,-0.86447360749462,1.975
0.810700233608369,0.114977624520922,1.32724777534703,-1.46775277936415,-0.725465589088881,-0.938469644458273,1.98
0.803361469711548,0.111350296575477,1.32255542712474,-1.51047119247247,-0.680120489668823,-1.0115822415119,1.985
0.795809113749185,0.107949694127133,1.31749751591718,-1.55344088850886,-0.635243171973154,-1.08419805040016,1.99
0.788041909306641,0.104773478267267,1.31207652566517,-1.59607458957987,-0.591183565006675,-1.1567657480974,1.995
0.780061536358742,0.101817560442234,1.30629269692469,-1.63767812106856,-0.548269624922795,-1.22975847240037,2
0.771873145753399,0.09907621231762,1.30014390456269,-1.67749023659907,-0.506812804135418,-1.30363612055611,2.005
0.763485694570404,0.0965421482969429,1.29362572395991,-1.71472525040195,-0.467107318069371,-1.37881028267186,2.01
0.754912068318394,0.0942066117065961,1.28673167254655,-1.74861492613467,-0.429423202300977,-1.45561438227482,2.015
0.74616899368772,0.0920594956950912,1.27945360063517,-1.7784464814695,-0.39399397048549,-1.53428102678923,2.02
0.737276761280373,0.0900895258426637,1.27178219550123,-1.8035942095878,-0.361000395669531,-1.61492773585143,2.025
0.728258790232434,0.0882845238643161,1.26370755682197,-1.82354292371825,-0.33055280668931,-1.69755128026923,2.03
0.719141075613843,0.0866317598308695,1.25521980042062,-1.83790208005647,-0.302675219794998,-1.7820299834824,2.035
0.70995156521356,0.0851183837318946,1.24630965050321,-1.846410083775,-0.277295066459091,-1.8681326238541,2.04
0.700719514794685,0.0837319083995991,1.23696898738394,-1.84892910087195,-0.254241750942277,-1.95553209746704,2.045
0.691474869290326,0.0824606996448877,1.2271913268966,-1.84543171261837,-0.233255747262923,-2.04382178001428,2.05
0.682247710727234,0.0812944209085731,1.21697221799653,-1.83598169914496,-0.214007818161058,-2.13253256438204,2.055
0.673067802231509,0.0802243818177678,1.20630955517462,-1.82071176571814,-0.196125863732716,-2.22114884500928,2.06
0.663964243402918,0.0792437524991042,1.19520381094958,-1.79980097468255,-0.179225561311097,-2.30912223151685,2.065
0.654965238529506,0.0783476246925487,1.18365819979199,-1.77345409308707,-0.162940667840944,-2.39588242070012,2.07
0.64609796806407,0.077532921353344,1.17167878768849,-1.74188420939263,-0.146949380259018,-2.48084536762696,2.075
0.637388547017107,0.0767981744520489,1.15927456085036,-1.70529914221551,-0.130993971026747,-2.56341957680468,2.08
0.628862051306029,0.0761432045969152,1.14645746296633,-1.66389165256702,-0.114891844730233,-2.64301175729149,2.085
0.620542593043194,0.075568745373264,1.13324240417988,-1.6178332357393,-0.0985374348263152,-2.71903300978034,2.09
0.612453426864498,0.0750760581991325,1.11964723913097,-1.56727107740435,-0.0818959934078989,-2.79090617908269,2.095
0.604617071477476,0.074666578232093,1.10569270823556,-1.51232761345135,-0.064991701923775,-2.85807438730448,2.1
0.597055433410219,0.0743416197224741,1.09140233629904,-1.45310226797488,-0.047892895205856,-2.92001047727499,2.105
0.589789922070345,0.0741021552464448,1.07680228391266,-1.3896753915843,-0.0306964588099756,-2.97622722894824,2.11
0.582841545112423,0.0739486729523949,1.06192114776792,-1.32211483860831,-0.0135124236630674,-3.0262883421043,2.115
0.576230970919382,0.0738811108340796,1.0467897060574,-1.25048572744701,0.00355059181581519,-3.06981976225762,2.12
0.569978542282147,0.0738988637931587,1.03144060724611,-1.17486388807295,0.0203980230372935,-3.10652003087841,2.125
0.564104222841782,0.0740008539083451,1.01590800709172,-1.09535347489649,0.0369584976904591,-3.13616764495634,2.13
0.5586274554673,0.0741856463967974,1.00022716886694,-1.01210885869765,0.0531877668880826,-3.15862339773048,2.135
0.553566911173811,0.0744515852312378,0.984434051878287,-0.925359828902494,0.0690659183661124,-3.17382627881322,2.14
0.548940112029299,0.0747969148230684,0.968564920484221,-0.835437631575409,0.0845868444448727,-3.1817825223873,2.145
0.544762923871422,0.0752198490452928,0.952656007872284,-0.742798161316016,0.0997399608335364,-3.18254862619578,2.15
0.541048933064842,0.0757185488494605,0.936743264741305,-0.648038217273217,0.114485659312222,-3.17621025721451,2.155
0.537808741978476,0.0762909771460216,0.920862213455233,-0.551901195565097,0.128727440714183,-3.16285950749602,2.16
0.53504923600065,0.0769346143495925,0.905047915917753,-0.455269620825405,0.142284808432352,-3.14257302611491,2.165
0.532772887896523,0.0776460383917542,0.889335050787178,-0.359143112012283,0.154871803579101,-3.11539356853072,2.17
0.530977172336462,0.0784203974096497,0.873758082944525,-0.264601742843018,0.166086501197227,-3.08131764915567,2.175
0.529654163622247,0.0792508299156359,0.858351494698746,-0.172756675673824,0.175416690731284,-3.04029204098653,2.18
0.528790380243878,0.0801279133692923,0.843150034493814,-0.0846923102103547,0.182265899832459,-2.99222153568985,2.185
0.528366918692826,0.0810392428684546,0.828188926815364,-0.00140607630580991,0.186001273776809,-2.93698932667072,2.19
0.528359888311297,0.0819692492373386,0.813503980182011,0.0762474281399195,0.186020682179594,-2.87448950403664,2.195
0.528741125451996,0.0828993526482366,0.799131532661828,0.147601981646472,0.181832117327818,-2.80466904682113,2.2
0.529479135360229,0.0838085132348757,0.785108187427722,0.212210503755794,0.173135502917796,-2.72757524157898,2.205
0.530540187879008,0.0846741907494647,0.771470311219827,0.269858493823927,0.159896031557757,-2.64340389983098,2.21
0.531889480348127,0.0854736709072535,0.758253291720672,0.320559705533219,0.142398892736348,-2.5525436770323,2.215
0.533492278875793,0.0861856653709352,0.745490573335511,0.364535660977605,0.121277252293742,-2.45561176245774,2.22
0.535314957180681,0.0867920516324039,0.733212514523222,0.402182275734342,0.0975080253085597,-2.35347612699386,2.225
0.537325868559353,0.0872795917589467,0.721445133888253,0.434027837592676,0.07237304636942,-2.2472597204223,2.23
0.539496007747317,0.0876414569907938,0.710208835286141,0.460686741339211,0.0473867468396005,-2.1383229807542,2.235
0.541799441454013,0.0878783907249918,0.69951722038237,0.482813058687048,0.0241953031921371,-2.02822285764763,2.24
0.544213506747448,0.0879993672409525,0.689376106094132,0.501057658771886,0.00445590700537124,-1.9186488862057,2.245
0.546718795041307,0.0880216467759794,0.679782861663103,0.516032187540416,-0.0102923129089799,-1.81133933254145,2.25
0.549298955979009,0.0879701852114345,0.670726165000396,0.528282422377746,-0.0187526669018362,-1.70798288757195,2.255
0.551940368090898,0.0878764218769253,0.662186250562536,0.538272268377749,-0.0199778517252336,-1.61011333414049,2.26
0.554631729432787,0.0877765326182991,0.654135683891834,0.54637829872608,-0.013449099798285,-1.51900549021113,2.265
0.557363620926417,0.0877092871193077,0.646540656440778,0.552893547670008,0.000878871390216918,-1.43558070390362,2.27
0.560128088664767,0.0877136814762588,0.63936275292126,0.558038235290215,0.0225689485437774,-1.36032993192539,2.275
0.562918279841218,0.0878265262189777,0.632561103261633,0.561974295081202,0.0507265524280015,-1.2932621118652,2.28
0.565728151316624,0.0880801589811177,0.626094792702307,0.564820183265002,0.0840534268643806,-1.23388447220036,2.285
0.568552252232949,0.0885004261154396,0.619925370341305,0.56666242262835,0.120923820725216,-1.18121890454672,2.29
0.571385564346091,0.0891050452190656,0.614019275818572,0.567560581126947,0.159476073981624,-1.1338548560244,2.295
0.574223367251726,0.0899024255889738,0.60835000153845,0.567543387583713,0.197713082246503,-1.09003600380644,2.3
0.577061084189644,0.0908909910002063,0.602899821519418,0.566595973030459,0.233606784288723,-1.04777656019563,2.305
0.579894064054797,0.0920590249216499,0.59766093871844,0.564641197322446,0.265204033618663,-1.0050025578106,2.31
0.582717270041409,0.0933850450897432,0.592635925929387,0.56152026934706,0.29073252838499,-0.959711903725791,2.315
0.585524871388144,0.0948387077316682,0.587837366410758,0.556978580807566,0.308704993511777,-0.91014379166301,2.32
0.588309764292182,0.096382232699227,0.583286647452443,0.550661953417442,0.318017761502726,-0.854944226424981,2.325
0.591063074059269,0.0979723215067407,0.579011926320318,0.54212674509273,0.318037104263172,-0.793311135956398,2.33
0.593773707784733,0.0995625070280565,0.575045370640536,0.530864939524989,0.308664098146461,-0.725100745081075,2.335
0.596428032482358,0.101105827518789,0.57141986691513,0.516343049664392,0.290367439189657,-0.650877415908346,2.34
0.59900974773068,0.102557664714737,0.568165479835589,0.498051860597282,0.264174276632845,-0.571892852951494,2.345
0.601500007033666,0.103878536097901,0.565306015570831,0.475562850262978,0.231612325695696,-0.489988213184822,2.35
0.603877821284981,0.10503659772638,0.562856074504907,0.448586499288628,0.194602542490355,-0.407424494560327,2.355
0.606120753781424,0.106009610438832,0.560818952032105,0.417027332476883,0.155310087908636,-0.326660907490761,2.36
0.608205890443809,0.106786160878375,0.559185647494651,0.381029793203003,0.115970076514843,-0.250113144655595,2.365
0.610111039409824,0.107366011260949,0.557935081771374,0.341007827904827,0.0787102203414131,-0.179927863472207,2.37
0.611816078549348,0.107759562362656,0.557035442454012,0.297650727676979,0.0453924194435351,-0.117803994668475,2.375
0.613304332187733,0.107986524459874,0.55644642248067,0.251900214067424,0.0174900062886563,-0.0648790382898001,2.38
0.61456383325807,0.108073974491317,0.556122027289221,0.204899025752181,-0.00399052323410698,-0.0216851263333151,2.385
0.615588328386831,0.108054021875146,0.556013601657555,0.157917050796685,-0.0185417794665882,0.0118308379413623,2.39
0.616377913640814,0.107961312977814,0.556072755847261,0.112264733434508,-0.0261453470773082,0.0362352665820076,2.395
0.616939237307987,0.107830586242427,0.556253932180171,0.0692042122652614,-0.0272259260973851,0.0524997044822006,2.4
0.617285258369313,0.10769445661194,0.556516430702582,0.0298673129430993,-0.0225783378753397,0.0618724575359497,2.405
0.617434594934029,0.107581564922563,0.556825792990262,-0.00481261669342814,-0.0132770095202017,0.0657448974830777,2.41
0.617410531850561,0.107515179874962,0.557154517477678,-0.0341502892515333,-0.00057738023952203,0.065525053439508,2.415
0.617239780404304,0.107512292973765,0.557482142744875,-0.0577369146941509,0.0141826461254185,0.0625283465279791,2.42
0.616951095830833,0.107583206204392,0.557794784477515,-0.0754469566505378,0.0296748924894452,0.0578924221741994,2.425
0.61657386104758,0.107731580666839,0.558084246588386,-0.0874244851335915,0.0446620598010428,0.0525201758138083,2.43
0.616136738621912,0.107954890965844,0.558346847467455,-0.0940520028963832,0.0580644345967218,0.047052307490314,2.435
0.61566647860743,0.108245213138828,0.558582109004907,-0.0959059908022475,0.069009927129593,0.0418681007966271,2.44
0.615186948653419,0.108590262774476,0.55879144950889,-0.0937043420312866,0.0768664155341436,0.037110747495106,2.445
0.614718426943263,0.108974594852147,0.558977003246365,-0.0882510360189714,0.0812564511870228,0.0327316905673669,2.45
0.614277171763168,0.109380877108082,0.559140661699202,-0.0803827646437938,0.0820552184560674,0.0285473362012567,2.455
0.613875257939949,0.109791153200362,0.559283398380208,-0.0709210193138965,0.079373352520562,0.0243011184320574,2.46
0.613520652843379,0.110188019962965,0.559404903972369,-0.0606317887587693,0.0735269996640475,0.0197241658513869,2.465
0.613217493899586,0.110555654961285,0.559503524801626,-0.0501939013658692,0.0649982898691781,0.0145886099849779,2.47
0.612966524392756,0.110880646410631,0.55957646785155,-0.040176413004378,0.0543897926026299,0.00874894246822855,2.475
0.612765642327734,0.111152595373644,0.559620212563892,-0.0310251878334666,0.0423763335897526,0.00216872578848726,2.48
0.612610516388567,0.111364477041593,0.559631056192834,-0.0230585695229601,0.0296570870813029,-0.00506808910256673,2.485
0.612495223540952,0.111512762476999,0.559605715747321,-0.016471549422814,0.0169105321173979,-0.0127605427796551,2.49
0.612412865793838,0.111597315137586,0.559541913033423,-0.0113472108150603,0.00475464876576737,-0.0206071677783637,2.495
0.612356129739763,0.111621088381415,0.559438877194531,-0.00767369661467399,-0.00628561782482218,-0.0282333957620118,2.5
0.612317761256689,0.111589660292291,0.559297710215721,-0.00536462285634087,-0.015802125298231,-0.0352270787165487,2.505
0.612290938142408,0.1115106496658,0.559121574822138,-0.0042807478933149,-0.0235176000141835,-0.0411788185024076,2.51
0.612269534402941,0.111393061665729,0.558915680729626,-0.00425082529256215,-0.0292896582032715,-0.0457233272827651,2.515
0.612248280276478,0.111246613374713,0.558687064093212,-0.00508996028847353,-0.0331052311025898,-0.0485775658683796,2.52
0.612222830475036,0.1110810872192,0.558444176263871,-0.00661440622016229,-0.0350668512273389,-0.0495711519710174,2.525
0.612189758443935,0.110905752963063,0.558196320504015,-0.00865234857079233,-0.0353730448022727,-0.0486650503963126,2.53
0.612146496701081,0.110728887739052,0.557952995252034,-0.0110505960357221,-0.0342951185326956,-0.0459562143407366,2.535
0.612091243720903,0.110557412146388,0.55772321418033,-0.0136772808495556,-0.0321520409683917,-0.041668205908052,2.54
0.612022857316655,0.110396651941546,0.55751487315079,-0.0164209168008744,-0.0292846107605577,-0.0361298778800645,2.545
0.61194075273265,0.110250228887743,0.55733422376139,-0.0191865584436846,-0.0260301096142779,-0.0297452852109803,2.55
0.611844819940432,0.110120078339672,0.557185497335335,-0.021890191119267,-0.0226989125864135,-0.0229582393391548,2.555
0.611735368984836,0.11000658377674,0.557070706138639,-0.0244526880390783,-0.0195546553498072,-0.0162148195827605,2.56
0.61161310554464,0.109908810499991,0.556989632040725,-0.0267946331739877,-0.0167993951079914,-0.00992705715587849,2.565
0.61147913237877,0.109824813524451,0.556939996754946,-0.028833039814713,-0.0145647810567751,-0.00444094598743838,2.57
0.611334967179697,0.109751989619167,0.556917792025009,-0.0304805829730803,-0.0129096188858702,-1.16990640952608e-05,2.575
0.611182564264831,0.109687441524738,0.556917733529688,-0.0316475429905205,-0.0118235371175751,0.0032115171372471,2.58
0.611024326549879,0.10962832383915,0.556933791115374,-0.0322462847455407,-0.0112359914949817,0.00519026662608724,2.585
0.610863095126151,0.109572143881675,0.556959742448505,-0.0321977402782725,-0.011029584526473,0.00599105150831392,2.59
0.61070210642476,0.109516995959043,0.556989697706046,-0.0314390652378371,-0.0110564051622186,0.00577018855076883,2.595
0.610544911098571,0.109461713933232,0.5570185486488,-0.0299315069433703,-0.0111557989790734,0.00475143028035863,2.6
0.610395253563854,0.109405934938336,0.557042305800202,-0.0276675232996126,-0.0111719220193179,0.00319916167488277,2.605
0.610256915947356,0.10935007532824,0.557058301608576,-0.0246762159666902,-0.0109696870469744,0.00139030609682678,2.61
0.610133534867522,0.109295226893005,0.557065253139061,-0.0210262086958624,-0.0104480322147021,-0.000412158020179909,2.615
0.610028403824043,0.109242986731931,0.55706319234896,-0.0168253169219978,-0.00954962255101388,-0.00198174776080418,2.62
0.609944277239433,0.109195238619176,0.557053283610156,-0.0122167348347579,-0.0082662066299477,-0.00314548680686588,2.625
0.609883193565259,0.109153907586026,0.557037556176121,-0.00737192425610544,-0.00663908703630589,-0.00379447417628853,2.63
0.609846333943979,0.109120712150845,0.55701858380524,-0.00248081000711053,-0.00475460269544203,-0.00388771997403836,2.635
0.609833929893943,0.109096939137368,0.55699914520537,0.00225981460908464,-0.00273508301071868,-0.00344948514274801,2.64
0.609845228966988,0.109083263722314,0.556981897779656,0.00665862079518575,-0.000726290183533651,-0.00256084808296642,2.645
0.609878522070964,0.109079632271396,0.556969093539241,0.0105417571637734,0.00111717413145973,-0.00134666654851845,2.65
0.609931230856783,0.109085218142054,0.556962360206498,0.0137635828721727,0.00264675362089961,4.05333163255861e-05,2.655
0.610000048771144,0.109098451910158,0.55696256287308,0.0162153158903555,0.00373340196656025,0.00143798087504088,2.66
0.610081125350596,0.109117118919991,0.556969752777455,0.0178309624569772,0.00427826482609084,0.00268959448774808,2.665
0.610170280162881,0.109138510244121,0.556983200749894,0.0185900834598574,0.00421974661901636,0.00366079071458802,2.67
0.61026323058018,0.109159608977217,0.557001504703467,0.0185171847554066,0.00353665966673633,0.00424990142591231,2.675
0.610355816503957,0.10917729227555,0.557022754210597,0.0176777960210872,0.00224762942398482,0.004395414068048,2.68
0.610444205484063,0.10918853042267,0.557044731280937,0.0161716139626789,0.000407411551922587,0.00407873512608958,2.685
0.610525063553876,0.10919056748043,0.557065124956567,0.0141233949719766,-0.00189882670835195,0.00332260970274945,2.69
0.610595680528736,0.109181073346888,0.557081738005081,0.0116725153710195,-0.00456217307183149,0.0021857470394071,2.695
0.610654043105591,0.109158262481529,0.557092666740278,0.008962217734787,-0.00745686728355621,0.000754589370921543,2.7
0.610698854194265,0.109120978145111,0.557096439687133,0.0061295454074406,-0.0104471601301837,-0.000866608396621338,2.705
0.610729501921302,0.10906874234446,0.55709210664515,0.00329686380267091,-0.013394135979658,-0.00256622137966289,2.71
0.610745986240315,0.109001771664562,0.557079275538251,0.000565667517693491,-0.0161626058410608,-0.00423520413734835,2.715
0.610748814577904,0.108920958635357,0.557058099517564,-0.00198691688808594,-0.0186281142725314,-0.00577573438660384,2.72
0.610738879993463,0.108827818063994,0.557029220845631,-0.00430885145019655,-0.0206838132477016,-0.00710795745082482,2.725
0.610717335736212,0.108724398997755,0.556993681058377,-0.00637137429524426,-0.0222465876523442,-0.00817444360698971,2.73
0.610685478864736,0.108613166059494,0.556952808840342,-0.00816518586810311,-0.0232616444615974,-0.00894215472659887,2.735
0.610644652935396,0.108496857837186,0.556908098066709,-0.00969536463739651,-0.0237048911751109,-0.0094019274830881,2.74
0.610596176112209,0.10837833338131,0.556861088429294,-0.0109758120793169,-0.023582720001955,-0.00956575413308958,2.745
0.610541297051812,0.1082604197813,0.556813259658628,-0.0120239823306667,-0.0229291835641826,-0.00946242709949363,2.75
0.610481177140159,0.108145773863479,0.556765947523131,-0.0128565311714901,-0.0218009694601701,-0.00913229873795718,2.755
0.610416894484301,0.108036769016179,0.556720286029441,-0.0134863290215392,-0.0202709754937191,-0.00862191696797687,2.76
0.610349462839194,0.10793541413871,0.556677176444601,-0.0139210279606505,-0.0184214733530641,-0.00797915900490054,2.765
0.61027985769939,0.107843306771945,0.556637280649577,-0.0141631072168469,-0.016337709746303,-0.00724929721895862,2.77
0.610209042163306,0.107761618223213,0.556601034163482,-0.0142111234199049,-0.0141024527059747,-0.0064722541452289,2.775
0.610137986546207,0.107691105959683,0.556568672892756,-0.0140617886813743,-0.0117917316943689,-0.00568111785517189,2.78
0.6100676776028,0.107632147301211,0.55654026730348,-0.0137124531750299,-0.00947196388936533,-0.00490177835881234,2.785
0.609999115336925,0.107584787481765,0.556515758411686,-0.0131635468726632,-0.00719859633034337,-0.00415337180146302,2.79
0.609933297602561,0.107548794500113,0.556494991552679,-0.0124205694497448,-0.00501614257059357,-0.00344915179451011,2.795
0.609871194755313,0.10752371378726,0.556477745793706,-0.0114953544189778,-0.00295921900370366,-0.00279745019196032,2.8
0.609813717983218,0.107508917692241,0.556463758542746,-0.0104065331581582,-0.0010540950021426,-0.0022025192233377,2.805
0.609761685317427,0.107503647217231,0.55645274594663,-0.00917927620383008,0.000679696195643453,-0.00166522176383577,2.81
0.609715788936408,0.107507045698209,0.55644441983781,-0.00784443960704095,0.00222807559299432,-0.00118366084769228,2.815
0.609676566738373,0.107518186076174,0.556438501533572,-0.00643724073965402,0.00358170498712673,-0.000753838180211908,2.82
0.609644380534674,0.107536094601109,0.556434732342671,-0.00499559404318894,0.004735809419254,-0.000370347797962189,2.825
0.609619402564458,0.107559773648206,0.556432880603681,-0.0035582635517839,0.00569023930922508,-2.7051352269325e-05,2.83
0.609601611246699,0.107588224844752,0.55643274534692,-0.00216300486048926,0.00644941139871236,0.000282302609999618,2.835
0.609590796222397,0.107620471901745,0.55643415685997,-0.000844850401149344,0.00702191417717157,0.000563498897210302,2.84
0.609586571970391,0.107655581472631,0.556436974354456,0.000365345023811692,0.00741971634493355,0.00082128060741038,2.845
0.60958839869551,0.107692680054356,0.556441080757493,0.00144201230021235,0.00765697779468721,0.00105878477572041,2.85
0.609595608757011,0.107730964943329,0.556446374681371,0.00236558624631122,0.00774858123417099,0.00127704569621301,2.855
0.609607436688243,0.1077697078495,0.556452759909853,0.00312286039407805,0.00770870692891334,0.00147464418862597,2.86
0.609623050990213,0.107808251384145,0.556460133130796,0.00370705570595931,0.00754981869703908,0.00164758974434687,2.865
0.609641586268743,0.10784600047763,0.556468371079517,0.00411767254153705,0.0072822230494457,0.0017895267262702,2.87
0.609662174631451,0.107882411592877,0.556477318713149,0.00436016280191964,0.00691413967913723,0.0018923234646584,2.875
0.60968397544546,0.107916982291273,0.556486780330472,0.0044454492483581,0.00645216259559378,0.00194702655629264,2.88
0.609706202691702,0.107949243104251,0.556496515463254,0.00438931901545203,0.00590202273156315,0.00194507862711912,2.885
0.609728149286779,0.107978753217909,0.556506240856389,0.00421169747699679,0.0052695579534856,0.00187963398861068,2.89
0.609749207774164,0.108005101007676,0.556515639026332,0.00393577753130536,0.00456173574536201,0.00174677224109576,2.895
0.609768886661821,0.108027909686403,0.556524372887538,0.00358697684808007,0.0037875206117699,0.00154642213907596,2.9
0.609786821546061,0.108046847289462,0.556532104998233,0.00319173880394263,0.00295839515666307,0.00128287790825965,2.905
0.609802780240081,0.108061639265245,0.556538519387774,0.00277625317042229,0.00208842055286207,0.000964894993571441,2.91
0.609816661505933,0.108072081368009,0.556543343862742,0.00236520578513755,0.00119380414216608,0.000605442028400738,2.915
0.609828487534859,0.10807805038872,0.556546371072884,0.00198066232075522,0.000292024652198686,0.00022121126217467,2.92
0.609838390846463,0.108079510511981,0.556547477129195,0.00164117123240271,-0.00059931968495186,-0.000168066054739846,2.925
0.609846596702625,0.108076513913557,0.556546636798921,0.00136114625701733,-0.00146366292330113,-0.000540547129501689,2.93
0.60985340243391,0.10806919559894,0.556543934063274,0.00115055333513858,-0.0022863344612073,-0.000873543344948047,2.935
0.609859155200585,0.108057763926634,0.556539566346549,0.00101487936845501,-0.00305497283888401,-0.00114516503633144,2.94
0.609864229597428,0.10804248906244,0.556533840521367,0.000955314857842282,-0.0037595249641198,-0.00133625811444826,2.945
0.609869006171717,0.108023691437619,0.556527159230795,0.000969062325406611,-0.0043920145801013,-0.00143242610204375,2.95
0.609873851483344,0.108001731364718,0.556519997100285,0.00104970071412858,-0.0049462964830993,-0.00142587080720347,2.955
0.609879099986915,0.107976999882303,0.556512867746249,0.00118758362561699,-0.00541794552013641,-0.00131676636669908,2.96
0.609885037905043,0.107949910154702,0.556506283914415,0.00137030922497949,-0.00580434338872671,-0.0011138903392105,2.965
0.609891889451168,0.107920888437759,0.556500714462719,0.00158335262208098,-0.0061049612123748,-0.000834318889975094,2.97
0.609899806214278,0.107890363631697,0.55649654286827,0.00181096119258317,-0.00632174511704664,-0.000502179398331748,2.975
0.609908861020241,0.107858754906112,0.556494031971278,0.00203734900214858,-0.00645939508828186,-0.000146657246968829,2.98
0.609919047765252,0.10782645793067,0.556493298685043,0.0022481146908504,-0.00652531051507643,0.000200451103404831,2.985
0.609930288338706,0.107793831378095,0.55649430094056,0.00243171205100978,-0.006529138819511,0.0005073762999519,2.99
0.609942446898961,0.107761185683997,0.55649683782206,0.00258074634693628,-0.00648207291548963,0.000745000936053231,2.995
0.609955350630696,0.10772877531942,0.55650056282674,0.00269283329505932,-0.00639609900057458,0.000889261894632121,3
0.609968814797171,0.107696794824417,0.556505009136213,0.00277076568722112,-0.00628328630841168,0.000923059082946764,3.005
0.609982668625607,0.107665378392875,0.556509624431628,0.00282184650532979,-0.00615510285858489,0.000837378179352477,3.01
0.609996777858134,0.107634602878582,0.556513811322525,0.00285645328506057,-0.00602176718246805,0.000631460550204466,3.015
0.610011060124559,0.10760449404267,0.556516968625276,0.0028860864248248,-0.00589177064002633,0.000312119168710545,3.02
0.610025490556683,0.107575035189469,0.556518529221119,0.00292123715306403,-0.0057717847635641,-0.000107441349106452,3.025
0.610040096742448,0.107546176265652,0.556517992014374,0.00296939976509591,-0.00566709791350317,-0.000608847161176485,3.03
0.610054943741274,0.107517840776084,0.556514947778568,0.00303350536259295,-0.00558253819347154,-0.00116947336121775,3.035
0.610070111268087,0.107489928085117,0.556509100411762,0.00311100392691444,-0.00552364405594363,-0.00176296377929486,3.04
0.610085666287721,0.107462309864837,0.556500285592865,0.00319375993997895,-0.00549768559574004,-0.00235958471130893,3.045
0.610101635087421,0.107434821436858,0.556488487669309,0.00326883675634271,-0.00551403538422146,-0.00292692728691701,3.05
0.610117979271203,0.107407251259937,0.556473853032874,0.00332013624420036,-0.00558345349989386,-0.00343152763273569,3.055
0.610134579952424,0.107379333992438,0.556456695394711,0.00333075082368239,-0.00571617198438235,-0.00384169501592702,3.06
0.610151233706542,0.107350753132516,0.556437486919631,0.00328575946637599,-0.00591910460829848,-0.00413131952698986,3.065
0.610167662503874,0.107321157609474,0.556416830321996,0.00317503657838447,-0.0061928723639304,-0.00428387771411742,3.07
0.610183537686766,0.107290193247655,0.556395410933425,0.00299550004843052,-0.00652954271329886,-0.00429549182883182,3.075
0.610198515187008,0.107257545534088,0.556373933474281,0.00275224864245693,-0.00691191670360025,-0.0041759726269186,3.08
0.610212276430221,0.10722298595057,0.556353053611147,0.00245832205238994,-0.00731471768201652,-0.0039473849189342,3.085
0.610224568040483,0.10718641236216,0.556333316686552,0.00213323501301321,-0.00770731110955325,-0.00364052504335799,3.09
0.610235234215548,0.107147875806612,0.556315114061335,0.00180073033326789,-0.00805710052792508,-0.00329028423990962,3.095
0.610244237867214,0.107107590303973,0.556298662640136,0.00148623619664612,-0.00833276525928905,-0.00293095316377112,3.1
0.610251669048197,0.107065926477676,0.556284007874317,0.00121438503677407,-0.0085068342351502,-0.00259225979424293,3.105
0.610257740973381,0.1070233923065,0.556271046575346,0.00100679287293737,-0.00855742174861174,-0.0022965900361438,3.11
0.610262774937746,0.106980605197757,0.556259563625165,0.000880184178253529,-0.00846918872999813,-0.00205754141733294,3.115
0.610267175858637,0.106938259254107,0.556249275918078,0.00084489893312778,-0.00823375513075431,-0.00187971612248816,3.12
0.610271400353303,0.106897090478454,0.556239877337466,0.000903823228393108,-0.00784983238512338,-0.0017594962777423,3.125
0.610275919469445,0.106857841316528,0.556231079856077,0.00105180780396452,-0.00732322160359178,-0.0016865098136698,3.13
0.610281178508465,0.10682122520851,0.556222647307009,0.00127565459535628,-0.00666661477623232,-0.00164556148969375,3.135
0.610287556781441,0.106787892134629,0.55621441949956,0.00155475741738798,-0.00589901889818945,-0.00161886639846731,3.14
0.610295330568528,0.106758397040138,0.556206325167568,0.00186246503350862,-0.00504469196811186,-0.00158841885877781,3.145
0.610304642893696,0.106733173580297,0.556198383073274,0.00216815519604729,-0.00413166357991213,-0.00153828300357706,3.15
0.610315483669676,0.106712515262398,0.556190691658256,0.00243986570369614,-0.00319007070920252,-0.0014565500916941,3.155
0.610327682998195,0.106696564908852,0.556183408907798,0.00264719269067459,-0.00225058498828645,-0.00133670141244657,3.16
0.610340918961648,0.10668531198391,0.556176725400735,0.00276411184267911,-0.00134311793847652,-0.00117817734619496,3.165
0.610354739520861,0.106678596394218,0.556170834514004,0.00277140796809405,-0.000495797054952951,-0.00098610091625595,3.17
0.610368596560702,0.106676117408943,0.556165904009423,0.00265845943978604,0.000265967490475916,-0.000770288395823826,3.175
0.610381888857901,0.106677447246396,0.556162052567444,0.00242418749090145,0.000920511283583614,-0.000543806013708625,3.18
0.610394009795355,0.106682049802814,0.556159333537375,0.0020770698500483,0.00145106279065832,-0.000321353151200299,3.185
0.610404395144605,0.106689305116767,0.556157726771619,0.0016342461500729,0.00184685687533159,-0.000117695604950896,3.19
0.610412566375356,0.106698539401144,0.556157138293595,0.00111986253157337,0.00210399108166448,5.37152095692051e-05,3.195
0.610418165688014,0.106709059356552,0.556157406869643,0.000562863517750145,0.00222581489773277,0.0001818805700049,3.2
0.610420980005602,0.106720188431041,0.556158316272493,-5.5493222905767e-06,0.00222268428602401,0.000259125631085766,3.205
0.610420952258991,0.106731301852471,0.556159611900648,-0.000554562164545302,0.00211099139547921,0.000281660046619336,3.21
0.610418179448168,0.106741856809448,0.556161020200881,-0.00105624249715497,0.00191152167779152,0.000249773924254626,3.215
0.610412898235682,0.106751414417837,0.556162269070502,-0.00148762259510882,0.00164735947791594,0.000167651856264328,3.22
0.610405460122707,0.106759651215227,0.556163107329784,-0.00183217124105628,0.00134167263680929,4.2827670898582e-05,3.225
0.610396299266502,0.106766359578411,0.556163321468138,-0.00208056879891227,0.0010157210914935,-0.000114690806585216,3.23
0.610385896422507,0.106771438183868,0.556162748014105,-0.00223082961079424,0.000687380216399247,-0.000293571849518948,3.235
0.610374742274453,0.10677487508495,0.556161280154858,-0.00228789906737692,0.000370356629114665,-0.000482440066651435,3.24
0.610363302779116,0.106776726868096,0.556158867954524,-0.00226286566178402,7.40951734606865e-05,-0.000671053512979469,3.245
0.610351988450807,0.106777097343963,0.55615551268696,-0.00217189133926432,-0.000195814182529785,-0.000851155159953265,3.25
0.610341128994111,0.10677611827305,0.55615125691116,-0.00203491603576467,-0.000437023034086104,-0.00101688917897302,3.255
0.610330954413932,0.10677393315788,0.556146172465265,-0.00187416304999743,-0.000649876362640578,-0.00116479981915329,3.26
0.610321583598682,0.106770683776067,0.556140348466169,-0.00171247210987158,-0.000837085002902693,-0.00129350361754987,3.265
0.610313021238133,0.106766498351052,0.556133880948081,-0.00157151334454486,-0.00100359568026842,-0.00140315154948389,3.27
0.61030516367141,0.106761480372651,0.556126865190334,-0.00146997398204896,-0.00115646203671382,-0.00149480715956329,3.275
0.6102978138015,0.106755698062467,0.556119391154536,-0.0014218516762643,-0.00130447882380758,-0.00156985603569915,3.28
0.610290704543119,0.106749175668348,0.556111541874358,-0.00143502986929001,-0.00145747673234997,-0.00162952165663199,3.285
0.610283529393772,0.106741888284686,0.556103394266074,-0.00151032775050908,-0.00162535764183791,-0.00167452794759271,3.29
0.61027597775502,0.106733761496477,0.556095021626337,-0.00164118167196303,-0.00181703553639723,-0.00170496178881763,3.295
0.61026777184666,0.106724676318795,0.556086496817392,-0.00181403887842269,-0.00203944782468102,-0.00172041939512368,3.3
0.610258701652268,0.106714479079672,0.556077894720417,-0.00200946662434198,-0.0022968066012069,-0.00172049321802703,3.305
0.610248654319146,0.106702995046666,0.556069292254327,-0.00220391084952976,-0.00259027567516834,-0.00170554672187517,3.31
0.610237634764898,0.10669004366829,0.556060764520717,-0.00237196202255152,-0.00291820466166159,-0.001677581569548,3.315
0.610225774954785,0.106675452644982,0.55605237661287,-0.00248889682010756,-0.00327689062317171,-0.00164089854055582,3.32
0.610213330470685,0.106659068191866,0.556044172120167,-0.00253318944203329,-0.00366164975762473,-0.00160225603598185,3.325
0.610200664523475,0.106640759943078,0.556036160839987,-0.00248867410719278,-0.00406787904226324,-0.0015703729286054,3.33
0.610188221152939,0.106620420547866,0.556028308975344,-0.00234611817813146,-0.00449181527547859,-0.00155486474426869,3.335
0.610176490562048,0.106597961471489,0.556020534651622,-0.00210409406484757,-0.00493081963070241,-0.00156491562812722,3.34
0.610165970091724,0.106573307373335,0.556012710073482,-0.00176913917191435,-0.00538315834094361,-0.00160804271858161,3.345
0.610157124395864,0.106546391581631,0.556004669859889,-0.00135523206268306,-0.00584736355170867,-0.0016891919482287,3.35
0.610150348235551,0.106517154763872,0.555996223900148,-0.000882626079978799,-0.00632132406365726,-0.00181022835574751,3.355
0.610145935105151,0.106485548143554,0.555987172758369,-0.000376120683620584,-0.0068012721497257,-0.00196976770081569,3.36
0.610144054501733,0.106451541782805,0.555977323919865,0.000137077007322794,-0.00728082786788653,-0.00216326479003381,3.365
0.61014473988677,0.106415137643466,0.555966507595915,0.00062968131937513,-0.00775027047234256,-0.00238328286221723,3.37
0.610147888293366,0.106376386291104,0.555954591181604,0.00107660388375397,-0.00819620827427481,-0.002619882574173,3.375
0.610153271312785,0.106335405249733,0.555941491768733,0.00145695073925367,-0.00860177717924571,-0.00286109425835512,3.38
0.610160556066481,0.106292396363837,0.555927186297441,0.00175556515051856,-0.00894742753930478,-0.00309347760447665,3.385
0.610169333892234,0.10624765922614,0.555911718909419,0.00196401454570783,-0.00921227874739194,-0.00330279685232249,3.39
0.610179153964963,0.106201597832403,0.555895204925157,0.00208098931531175,-0.00937592139027554,-0.00347481520255322,3.395
0.610189558911539,0.106154718225452,0.555877830849144,0.00211210881979618,-0.00942045248424894,-0.00359615351506193,3.4
0.610200119455638,0.10610761596303,0.555859850081569,0.0020691254366767,-0.00933250064371616,-0.00365511157427445,3.405
0.610210465082822,0.106060953459812,0.555841574523698,0.00196852832188288,-0.00910502266615598,-0.00364235382470657,3.41
0.610220307724431,0.106015428346481,0.555823362754574,0.00182960002685917,-0.00873865344923341,-0.00355142312387091,3.415
0.610229455724565,0.105971735079235,0.555805605638955,0.00167206625218963,-0.00824237502873304,-0.0033791320165788,3.42
0.610237816055826,0.105930523204091,0.555788709978872,0.00151358241504695,-0.00763333400652655,-0.00312593050946219,3.425
0.610245383967901,0.105892356534059,0.555773080326325,0.00136737527951514,-0.0069357970555739,-0.00279632592625756,3.43
0.610252220844299,0.105857677548781,0.555759098696693,0.00124035771980058,-0.00617939601857131,-0.00239935665284907,3.435
0.610258422632898,0.105826780568688,0.555747101913429,0.00113196311415376,-0.00539690060187559,-0.0019490404176814,3.44
0.610264082448469,0.105799796065679,0.555737356711341,0.00103384259022565,-0.004621773938146,-0.00146464718799866,3.445
0.61026925166142,0.105776687195988,0.555730033475401,0.000930470525917215,-0.00388574458015101,-0.000970603112615542,3.45
0.610273904014049,0.105757258473087,0.555725180459838,0.000800636204689731,-0.00321657101625128,-0.000495846738823857,3.455
0.610277907195073,0.105741175618006,0.555722701226143,0.00061975747205345,-0.00263609640853146,-7.25340911555961e-05,3.46
0.610281005982433,0.105727995135963,0.555722338555688,0.000362898511641063,-0.00215865761788447,0.000265916267139232,3.465
0.610282820474991,0.105717201847874,0.555723668137023,8.28835118316107e-06,-0.00178996382479146,0.000487375132718348,3.47
0.610282861916747,0.10570825202875,0.555726105012687,-0.000458958468341208,-0.00152662777943291,0.000564050848805842,3.475
0.610280567124406,0.105700618889853,0.555728925266931,-0.00104329354573274,-0.00135651063335462,0.00047590259100172,3.48
0.610275350656677,0.105693836336686,0.555731304779886,-0.0017357718035349,-0.00125991040698104,0.000214213569327271,3.485
0.610266671797659,0.105687536784651,0.555732375847733,-0.00251206835493178,-0.00121146114319681,-0.000215015648863393,3.49
0.610254111455885,0.105681479478935,0.555731300769488,-0.00333178686957591,-0.00118249994980335,-0.000788334074974806,3.495
0.610237452521537,0.105675566979186,0.555727359099113,-0.00413926218958416,-0.00114363081216706,-0.00146330612325052,3.5
0.610216756210589,0.105669848825125,0.555720042568497,-0.004865977031554,-0.00106726143396796,-0.00217864952101188,3.505
0.610192426325431,0.105664512517955,0.555709149320892,-0.00543467397942088,-0.00093001720686825,-0.00285637345893708,3.51
0.610165252955534,0.105659862431921,0.555694867453597,-0.00576521340720504,-0.000715098763898192,-0.00340609781808165,3.515
0.610136426888498,0.105656286938101,0.555677836964507,-0.00578214261888199,-0.000414691453598515,-0.00373161367794861,3.52
0.610107516175403,0.105654213480833,0.555659178896117,-0.00542377256804727,-3.23504535992836e-05,-0.00373961357269526,3.525
0.610080397312563,0.105654051728565,0.555640480828254,-0.00465233971504997,0.000415005768439336,-0.00335032102527499,3.53
0.610057135613988,0.105656126757408,0.555623729223127,-0.00346460690643369,0.000896040928413666,-0.0025094698826944,3.535
0.610039812579456,0.10566060696205,0.555611181873714,-0.00190204077437084,0.00136543316419935,-0.00120076422263082,3.54
0.610030302375584,0.105667434127871,0.555605178052601,-5.95157906513322e-05,0.00176624194922204,0.000542373484702097,3.545
0.610030004796631,0.105676265337617,0.555607889920024,0.00190860115525382,0.00203449645300446,0.002627269172506,3.55
0.610039547802407,0.105686437819882,0.555621026265887,0.00378609038467204,0.00210599941598,0.00489644422683178,3.555
0.61005847825433,0.105696967816962,0.555645508487021,0.00529716640187416,0.00192487907500205,0.0071279531329127,3.56
0.61008496408634,0.105706592212337,0.555681148252686,0.00611400826526776,0.00145292642008688,0.00904348046815162,3.565
0.610115534127666,0.105713856844437,0.555726365655026,0.00586964510924659,0.000678435138712352,0.010325779029885,3.57
0.610144882353212,0.105717249020131,0.555777994550176,0.00417569873745194,-0.000376812099153745,0.0106464636070891,3.575
0.6101657608469,0.105715364959635,0.555831226868211,0.000643823983681457,-0.0016536898796049,0.00970434394524933,3.58
0.610168979966818,0.105707096510237,0.555879748587937,-0.00509094201099902,-0.00305616694300792,0.00727345212339081,3.585
0.610143525256763,0.105691815675522,0.555916115848554,-0.013347214250925,-0.00445703441028511,0.00325876920479473,3.59
0.610076789185508,0.10566953050347,0.555932409694578,-0.0243772417691801,-0.0057096591617567,-0.0022435478720606,3.595
0.609954902976662,0.105640982207662,0.555921191955218,-0.0383523496165772,-0.00666606749911425,-0.00888580381461779,3.6
0.60976314122858,0.105607651870166,0.555876762936145,-0.0553559347775012,-0.00720106846831825,-0.0160136495608976,3.605
0.609486361554692,0.105571646527824,0.55579669468834,-0.0753853269918947,-0.00724132649669307,-0.0226223805027681,3.61
0.609109434919733,0.105535439895341,0.555683582785827,-0.0983627358521977,-0.00679723212608785,-0.0273312671757786,3.615
0.608617621240472,0.105501453734711,0.555546926449948,-0.124154217631833,-0.00599416476056713,-0.0283824877870931,3.62
0.607996850152312,0.105471482910908,0.555405014011012,-0.15259425319567,-0.00509853654970527,-0.0236704740738558,3.625
0.607233878886334,0.105445990228159,0.555286661640643,-0.183512307676503,-0.00453317241791151,-0.0108058553666135,3.63
0.606316317347952,0.10542332436607,0.55523263236381,-0.216756852635669,-0.004876434502879,0.0127843836450037,3.635
0.605232533084773,0.105398942193555,0.555296554282035,-0.25221197192038,-0.0068403758553548,0.0497223955335802,3.64
0.603971473225171,0.105364740314279,0.555545166259703,-0.289801994167282,-0.0112254107811405,0.102516678354059,3.645
0.602522463254335,0.105308613260373,0.556057749651473,-0.329480739054766,-0.0188524879838448,0.173381602695422,3.65
0.600875059559061,0.105214350820454,0.55692465766495,-0.371204023651917,-0.0304779496747121,0.264054183248486,3.655
0.599019039440801,0.10506196107208,0.558244928581193,-0.414886857715779,-0.0467002348990053,0.375626428895792,3.66
0.596944605152223,0.104828459897585,0.560123060725672,-0.460349676098337,-0.0678705055060291,0.508413221350046,3.665
0.594642856771731,0.104489107370055,0.562665126832422,-0.507260340013427,-0.0940203848334764,0.661874488983072,3.67
0.592106555071664,0.104019005445887,0.565974499277337,-0.555080126563645,-0.124818576536298,0.834605632151675,3.675
0.589331154438846,0.103394912563206,0.570147527438096,-0.603022452294866,-0.15956403235208,1.02440166982483,3.68
0.586316042177371,0.102597092401446,0.57526953578722,-0.650032496688202,-0.197217556746715,1.22838968218031,3.685
0.58306587969393,0.101611004617712,0.581411484198121,-0.694793821912376,-0.236468005952681,1.44321333009221,3.69
0.579591910584368,0.100428664587949,0.588627550848582,-0.735764342517653,-0.275825001663488,1.66524549973561,3.695
0.57591308887178,0.0990495395796312,0.59695377834726,-0.77123924019431,-0.313727741878181,1.8908026129586,3.7
0.572056892670809,0.0974809008702403,0.606407791412053,-0.799434112339004,-0.34865853674865,2.11633706883632,3.705
0.568059722109113,0.095737608186497,0.616989476756235,-0.818579170701672,-0.379249592810724,2.33859085577872,3.71
0.563966826255605,0.0938413602224434,0.628682431035129,-0.827015084194538,-0.404372439231102,2.55470121759542,3.715
0.559831750834632,0.0918194980262879,0.641455937123106,-0.82328247109773,-0.423201640425186,2.76225672749901,3.72
0.555715338479144,0.0897034898241619,0.655267220760601,-0.806199030284849,-0.43524802695768,2.95930832728777,3.725
0.55168434332772,0.0875272496893735,0.67006376239704,-0.774920067741069,-0.440360970893341,3.1443441860723,3.73
0.547809742989014,0.0853254448349068,0.685785483327401,-0.728979585767742,-0.438703264328091,3.31623931662204,3.735
0.544164845060175,0.0831319285132664,0.702366679910511,-0.668310464910782,-0.430704923838215,3.47419100235713,3.74
0.540823292735622,0.0809784038940753,0.719737634922297,-0.593243800974252,-0.41700325958571,3.6176498153347,3.745
0.53785707373075,0.0788933875961468,0.73782588399897,-0.504489020218646,-0.398376249363619,3.74625398335318,3.75
0.535334628629657,0.0769015063493287,0.756557153915736,-0.40309765592399,-0.375675425202998,3.85977267271296,3.755
0.533319140350037,0.0750231292233137,0.775856017279301,-0.290414415169038,-0.349763424162625,3.95806174045334,3.76
0.531867068274192,0.0732743121025005,0.795646325981568,-0.168019419549381,-0.321459973330898,4.04103370982054,3.765
0.531026971176445,0.0716670122358461,0.815851494530671,-0.0376654065719073,-0.291498393412112,4.10864205802126,3.77
0.530838644143586,0.0702095202687855,0.836394704820777,0.0987867100418427,-0.260493115827926,4.1608784060519,3.775
0.531332577693795,0.0689070546896459,0.857199096851036,0.239431183839245,-0.228917825203129,4.19778003075235,3.78
0.532529733612991,0.0677624655636302,0.878187997004798,0.382377655558197,-0.197093866616652,4.21944443203088,3.785
0.534441621890782,0.066776996230547,0.899285219164953,0.525806615454782,-0.165188879451789,4.22604740946526,3.79
0.537070654968056,0.065951051833288,0.920415456212279,0.668018467966758,-0.133225435706322,4.21786101629253,3.795
0.54041074730789,0.0652849246547564,0.941504761293741,0.807474454761925,-0.101098744702277,4.19526792681211,3.8
0.544448119581699,0.064779430931245,0.962481100927802,0.942827814496106,-0.0686018953053535,4.15876952020291,3.805
0.54916225865418,0.0644364214547183,0.983274948528817,1.07294400307398,-0.0354570099191043,4.1089863592072,3.81
0.55452697866955,0.0642591364051227,1.00381988032485,1.19690947994751,-0.00135071457396663,4.04665115385807,3.815
0.560511526069287,0.0642523828322529,1.02405313609414,1.31402934547409,0.0340279948600503,3.97259521767097,3.82
0.567081672796658,0.0644225228065532,1.0439161121825,1.42381490274714,0.0709500098790949,3.88772987983446,3.825
0.574200747310393,0.0647772728559486,1.06335476158167,1.52596296044341,0.109611458790218,3.79302458672317,3.83
0.58183056211261,0.0653253301498997,1.08231988451529,1.62032928558404,0.150105172795639,3.68948357059873,3.835
0.589932208540531,0.0660758560138779,1.10076730236828,1.70689886641777,0.192400892329775,3.57812290510129,3.84
0.598466702872619,0.0670378604755268,1.11865791689379,1.78575537245853,0.23633593530239,3.45994946348296,3.845
0.607395479734912,0.0682195401520387,1.1359576642112,1.8570514910504,0.281616798878528,3.33594278755514,3.85
0.616680737190164,0.0696276241464314,1.15263737814898,1.92098114116011,0.327831006499332,3.20704039582709,3.855
0.626285642895965,0.071266779178928,1.16867258012811,1.97775428579006,0.374467792308067,3.07412686858699,3.86
0.636174414324915,0.0731391181404684,1.18404321447105,2.02757503604289,0.42094585788317,2.93802704685189,3.865
0.646312289505129,0.0752438474298842,1.19873334970531,2.07062364245276,0.466646127421433,2.79950352856897,3.87
0.656665407717393,0.0775770780669914,1.21273086734815,2.10704278733416,0.510947020276695,2.65925823807676,3.875
0.667200621654064,0.0801318131683749,1.22602715853853,2.13692844900359,0.553259393620176,2.51793740873962,3.88
0.677885263899082,0.0828981101364757,1.23861684558223,2.16032548105334,0.59305829353351,2.37613907692853,3.885
0.688686891304349,0.0858634016041433,1.25049754096688,2.17722788151631,0.629909284509284,2.23442211472582,3.89
0.69957303071193,0.0890129480266897,1.2616696515405,2.18758355320847,0.663488493737757,2.09331570141935,3.895
0.710510948477973,0.0923303904953785,1.2721362300476,2.19130325055861,0.69359727325245,1.95332776374153,3.9
0.721467464730766,0.0957983768616407,1.28190286886631,2.18827345030612,0.720173557068848,1.81495040320359,3.905
0.732408831982296,0.099399244646985,1.29097762088233,2.17837297793828,0.743301374328312,1.67866009657573,3.91
0.743300696871988,0.103115751518627,1.29937092136521,2.16149291732113,0.763217539282501,1.54491100878666,3.915
0.754108161458593,0.106931839215039,1.30709547640914,2.13755835604417,0.780311924837382,1.41412124653018,3.92
0.764795953238814,0.110833398839226,1.31416608264179,2.10654949948834,0.79511682208824,1.2866537347767,3.925
0.775328700736256,0.114808982949667,1.32059935131567,2.06851963051997,0.808282188235518,1.16279465133671,3.93
0.785671298888856,0.118850393890845,1.32641332457236,2.02360843263287,0.8205362526788,1.04273256989331,3.935
0.79578934105202,0.122953075154239,1.33162698742182,1.97205043505186,0.832633905829444,0.9265411089455,3.94
0.805649593227279,0.127116244683386,1.33625969296655,1.91417891529357,0.845297717200938,0.814167742895933,3.945
0.815220487803747,0.131342733269391,1.34033053168103,1.85042548601619,0.85915752267951,0.705431819900459,3.95
0.824472615233828,0.135638520882788,1.34385769078053,1.78131536616197,0.874693844751245,0.600035280934641,3.955
0.833379192064638,0.140011990106544,1.34685786718521,1.70745838608277,0.892188799429422,0.497589179805447,3.96
0.841916483995052,0.144472934103692,1.34934581308423,1.62953603925406,0.911687165760017,0.397657434917065,3.965
0.850064164191322,0.149031369932492,1.35133410025882,1.54828523147819,0.932970204911771,0.299816845342615,3.97
0.857805590348713,0.15369622095705,1.35283318448553,1.46447983601719,0.955544276490844,0.203730119265222,3.975
0.865127989528799,0.158473942339505,1.35385183508186,1.37891166182971,0.978644588544836,0.109226716717181,3.98
0.872022547837948,0.163367165282229,1.35439796866544,1.2923725967245,1.00125259433772,0.0163844096634946,3.985
0.87848441082157,0.168373428253917,1.35447989071376,1.20563920481669,1.02212497740469,-0.0743974365197353,3.99
0.884512606845654,0.173484053140941,1.35410790353116,1.11946007665431,1.03983296781375,-0.162343257738629,3.995
0.890109907228925,0.17868321798001,1.35329618724247,1.03454513010499,1.05281196441607,-0.246275942009477,4
0.89528263287945,0.18394727780209,1.35206480753242,0.951555195621157,1.05942208982562,-0.324629774201313,4.005
0.900040408857556,0.189244388251218,1.35044165866142,0.871089879149811,1.05801999843079,-0.395507478063539,4.01
0.904395858253305,0.194534488243372,1.3484641212711,0.793672045346394,1.04704131497941,-0.45678284132995,4.015
0.908364218480037,0.199769694818269,1.34618020706445,0.719728235789896,1.02509197171757,-0.506245739154565,4.02
0.911962859658986,0.204895154676857,1.34364897836868,0.649565679317154,0.991045448692113,-0.541781646326722,4.025
0.915210688055572,0.209850381920318,1.34094007013704,0.5833480099253,0.944141121774345,-0.561572904964613,4.03
0.918127428105199,0.214571087529189,1.33813220561222,0.521073184949672,0.884076415580881,-0.564304288598017,4.035
0.920732794029947,0.218991469607094,1.33531068416923,0.462558139286484,0.811082719128997,-0.549351458538005,4.04
0.923045584726379,0.223046883202739,1.33256392687654,0.407435067394801,0.7259730402429,-0.516928594992772,4.045
0.925082760063353,0.226676748403953,1.32997928390157,0.35516356897578,0.630149162254434,-0.468171565134545,4.05
0.926858577908232,0.229827494215225,1.3276384260759,0.305061077490065,0.525558247922442,-0.405136445992049,4.055
0.928383883295683,0.232455285454838,1.32561274384594,0.256351109129938,0.414593623020409,-0.330701514268839,4.06
0.929665638841332,0.23452825356994,1.3239592362746,0.208225313240118,0.299941911015633,-0.248374889687852,4.065
0.930706765407533,0.236027963125018,1.32271736182616,0.159911868312146,0.184388475957509,-0.162028219470933,4.07
0.931506324749094,0.236949905504805,1.3219072207288,0.110740666087117,0.0706035910266856,-0.0755937261913253,4.075
0.932060028079529,0.237302923459939,1.32152925209785,0.060196056134898,-0.039060756441478,0.00722964405541759,4.08
0.932361008360204,0.237107619677731,1.32156540031812,0.00795067879721945,-0.142733037679493,0.0832197168230131,4.085
0.93240076175419,0.236393954489334,1.32198149890224,-0.0461222409218198,-0.239120933305709,0.149798139573676,4.09
0.932170150549581,0.235198349822805,1.32273048960011,-0.101957372609474,-0.32753800548414,0.205113497908149,4.095
0.931660363686533,0.233560659795385,1.32375605708965,-0.159323439400283,-0.407863834514399,0.248048023907854,4.1
0.930863746489532,0.231521340622813,1.32499629720919,-0.217862561037063,-0.480453133936043,0.278163717280355,4.105
0.929774433684347,0.229119074953132,1.32638711579559,-0.277137626260004,-0.546013303257226,0.295605918401298,4.11
0.928388745553047,0.226389008436846,1.3278651453876,-0.33668250236083,-0.605468866063846,0.30098106418075,4.115
0.926705333041242,0.223361664106527,1.3293700507085,-0.39605025100089,-0.659827587898498,0.295223075092865,4.12
0.924725081786238,0.220062526167035,1.33084616608396,-0.454855123588649,-0.710058877249664,0.279460836227807,4.125
0.922450806168295,0.216512231780786,1.3322434702651,-0.512804991567073,-0.756991715385547,0.254897407496824,4.13
0.919886781210459,0.212727273203859,1.33351795730259,-0.569722024147401,-0.801237270779664,0.222709314470526,4.135
0.917038171089722,0.20872108684996,1.33463150387494,-0.625550666898977,-0.843139967239614,0.183971372350955,4.14
0.913910417755228,0.204505387013762,1.33555136073669,-0.68035307833223,-0.882759135100053,0.139609296850463,4.145
0.910508652363566,0.200091591338262,1.33624940722095,-0.734293066906755,-0.919881065020511,0.0903791947747479,4.15
0.906837187029033,0.195492186013159,1.33670130319482,-0.787610288372242,-0.954058652094153,0.0368702095845386,4.155
0.902899135587171,0.190721892752689,1.33688565424274,-0.84058709490662,-0.984673382445328,-0.0204754708682309,4.16
0.898696200112638,0.185798525840462,1.3367832768884,-0.89351099017323,-1.0110123928171,-0.0813320533576967,4.165
0.894228645161772,0.180743463876376,1.33637661662161,-0.946636070519902,-1.03235188010316,-0.145455772644709,4.17
0.889495464809173,0.175581704475861,1.33564933775839,-1.00014703691462,-1.04803765730436,-0.212652435490046,4.175
0.8844947296246,0.170341516189339,1.33458607558094,-1.05412930614763,-1.0575544695256,-0.282750784981234,4.18
0.879224083093861,0.165053743841711,1.33317232165603,-1.10854841014083,-1.06057758185107,-0.355583440678409,4.185
0.873681341043157,0.159750855932455,1.33139440445264,-1.16324115973609,-1.05700256818881,-0.430975301151726,4.19
0.867865135244477,0.154465843091511,1.32923952794688,-1.21791985689164,-1.04695176106008,-0.508738272009168,4.195
0.861775535960019,0.149231084286211,1.32669583658684,-1.27218925196044,-1.03075835229793,-0.588671086272274,4.2
0.855414589700216,0.144077292524721,1.32375248115548,-1.32557432689384,-1.00893166977135,-0.67056317543166,4.205
0.848786718065747,0.139032634175865,1.32039966527832,-1.37755574231337,-0.982109528398833,-0.754201225531759,4.21
0.84189893935418,0.13412208653387,1.31662865915066,-1.42760905347943,-0.951005139294225,-0.839376316865881,4.215
0.834760894086783,0.129367060837399,1.31243177756633,-1.47524352271031,-0.916356080684372,-0.925889374266564,4.22
0.827384676473232,0.124785280433977,1.307802330695,-1.52003656770492,-0.878881231707671,-1.01355353294856,4.225
0.819784493634707,0.120390874275439,1.30273456303025,-1.5616606802634,-0.839249205767045,-1.10219332508397,4.23
0.81197619023339,0.116194628246604,1.29722359640483,-1.59990089335331,-0.798059484129041,-1.19164155216334,4.235
0.803976685766623,0.112204330825959,1.29126538864402,-1.63466210424665,-0.755835234854263,-1.28173529169375,4.24
0.79580337524539,0.108425154651687,1.28485671218555,-1.66596627895048,-0.713024929549627,-1.37231294582918,4.245
0.787473543850638,0.104860030003939,1.2779951474564,-1.69393976439569,-0.670009187187831,-1.46321434739294,4.25
0.779003845028659,0.101509984068,1.27067907571944,-1.71879120596767,-0.627110021179644,-1.55428516450389,4.255
0.770409888998821,0.0983744339621019,1.26290764989692,-1.74078131938442,-0.584600810996105,-1.64538524182403,4.26
0.761705982401899,0.0954514299071213,1.2546807236878,-1.76018665579003,-0.542715919499162,-1.73639901017433,4.265
0.752905049122949,0.0927378503096255,1.24599872863693,-1.77726001703944,-0.501659105183586,-1.82724557055369,4.27
0.744018749037751,0.0902295547837076,1.23686250078416,-1.79219037599112,-0.461610336902907,-1.91788635429138,4.275
0.735057797157796,0.0879215030991931,1.2272730690127,-1.80506537753153,-0.422731446573615,-2.00832851761756,4.28
0.726032470270138,0.085807845866325,1.21723142642461,-1.81583974888437,-0.38517178986533,-2.09862209058191,4.285
0.716953271525716,0.0838819869169983,1.2067383159717,-1.8243129063976,-0.349074938852845,-2.18884891883682,4.29
0.707831706993728,0.0821366122227341,1.19579407137752,-1.8301185124981,-0.314585910893267,-2.27910232515729,4.295
0.698681114431238,0.0805636826682678,1.18439855975173,-1.83272787129083,-0.281856138345471,-2.36945819728107,4.3
0.689517475074784,0.0791544019765404,1.17255126876533,-1.83146809381847,-0.251041917355049,-2.45994015412623,4.305
0.680360134605691,0.0778991923897652,1.1602515679947,-1.8255548333058,-0.222292767253029,-2.55048275860292,4.31
0.671232360439162,0.0767877285535,1.14749915420168,-1.81413780079716,-0.195728925920585,-2.64089710543125,4.315
0.662161671435177,0.0758090839238971,1.13429466867453,-1.79635535506575,-0.171410831338298,-2.73084266200603,4.32
0.653179894659848,0.0749520297672056,1.1206404553645,-1.77139297141018,-0.149306318482728,-2.81980842743157,4.325
0.644322929802797,0.074205498174792,1.10654141322734,-1.73853998428439,-0.129262467600982,-2.90710569244137,4.33
0.635630229881375,0.0735591858367871,1.09200588476513,-1.69723960776058,-0.110988676211721,-2.99187388608386,4.335
0.627144031842572,0.0730042424557285,1.07704651533471,-1.64712849411872,-0.0940560460342743,-3.07310001631285,4.34
0.618908389371978,0.0725339622255571,1.06168101525315,-1.58806379127026,-0.0779156952346344,-3.14965125735172,4.345
0.610968070415627,0.0721443837493839,1.04593275896639,-1.520137444075,-0.0619353869771855,-3.22031945574497,4.35
0.603367383195252,0.071834706814498,1.02983116168766,-1.44367870307787,-0.0454508848656027,-3.2838753369941,4.355
0.596148989679863,0.07160745239017,1.01341178500269,-1.35924622376735,-0.0278266055184662,-3.33912877397131,4.36
0.589352758561026,0.0714683193625776,0.996716141132837,-1.26761116704155,-0.00851926604160669,-3.38499021076413,4.365
0.583014702725818,0.0714257230323696,0.979791190079016,-1.16973264790721,0.0128623166173125,-3.42052795719063,4.37
0.577166039486282,0.0714900346154562,0.962688550293063,-1.06672668203815,0.0365082860806082,-3.44501671345061,4.375
0.571832406076092,0.0716725760458592,0.94546346672581,-0.959829569978177,0.0623759837788534,-3.45797407916764,4.38
0.567033258226201,0.0719844559647535,0.928173596329972,-0.850356730129964,0.0901799654187574,-3.45918354485297,4.385
0.562781474575551,0.0724353557918473,0.910877678605707,-0.739658398871024,0.119405834782696,-3.44870398855313,4.39
0.559083182581196,0.0730323849657607,0.893634158662941,-0.629074110515204,0.149346869219666,-3.42686659152092,4.395
0.55593781202862,0.0737791193118591,0.876499825705337,-0.519888086884834,0.179159563574727,-3.39426045535869,4.4
0.553338371594196,0.0746749171297327,0.859528523428543,-0.413287410307572,0.207932389383983,-3.3517083703775,4.405
0.551271934542658,0.0757145790766526,0.842769981576656,-0.310324356065705,0.234761431945757,-3.30023414835796,4.41
0.549720312762329,0.0768883862363814,0.826268810834866,-0.211883953018277,0.258826572935436,-3.24102244889763,4.415
0.548660892997238,0.0781825191010586,0.810063698590378,-0.118657848726578,0.279461864275338,-3.17537114442275,4.42
0.548067603753605,0.0795798284224353,0.794186842868264,-0.031125718907643,0.296213534040871,-3.10463551570785,4.425
0.547911975159067,0.0810608960926396,0.778663665289725,0.0504542503706462,0.30887915282661,-3.03016352127052,4.43
0.54816424641092,0.0826052918567727,0.763512847683372,0.126043863838565,0.31752248339415,-2.95322213224114,4.435
0.548794465730113,0.0841929042737434,0.748746737022167,0.195810257656537,0.322460593811386,-2.87491597137779,4.44
0.549773517018395,0.0858052072428004,0.734372157165278,0.260096391147924,0.324222677043076,-2.79610107600583,4.445
0.551073998974135,0.0874263206280157,0.720391651785249,0.319376150245088,0.323483420512224,-2.71729864757975,4.45
0.55267087972536,0.0890437377305769,0.70680515854735,0.374195095313512,0.320977484668084,-2.63861629330049,4.455
0.554541855201928,0.0906486251539173,0.693612077080847,0.425099626763625,0.317405173389021,-2.55968725764002,4.46
0.556667353335746,0.0922356510208624,0.680813640792647,0.472559035025943,0.313341685517429,-2.47964047238729,4.465
0.559030148510876,0.0938023594484495,0.668415438430711,0.516886377275627,0.309162416789846,-2.39711451456048,4.47
0.561614580397254,0.0953481715323988,0.656429865857908,0.558165361796426,0.30499459321193,-2.31032609881257,4.475
0.564405407206236,0.0968731444984584,0.644878235363846,0.596191411558111,0.300701910519091,-2.21719893331556,4.48
0.567386364264027,0.0983766540510539,0.633792240697268,0.630435550875896,0.295904644512554,-2.11555212624834,4.485
0.570538542018406,0.0998561772736166,0.623214480066026,0.660039231428744,0.29003336307882,-2.00333901146701,4.49
0.57383873817555,0.101306344089011,0.613197785008691,0.683846326359427,0.282410285558593,-1.87891774774445,4.495
0.577257969807347,0.102718395516804,0.603803196269969,0.700475280641744,0.272348791266658,-1.74132570617247,4.5
0.580760346210556,0.104080139473137,0.595096567739106,0.708430193849718,0.259258885917171,-1.59052253579783,4.505
0.584302497179804,0.105376433902723,0.587143955060117,0.706244969783199,0.242745064637787,-1.4275638455115,4.51
0.58783372202872,0.106590159225912,0.58000613583256,0.692650006104056,0.222683312341376,-1.25467003009372,4.515
0.591296972059241,0.107703575787619,0.573732785682091,0.666746483996739,0.199265966314499,-1.07516390368725,4.52
0.594630704479224,0.108699905619191,0.568356966163655,0.628169626586539,0.173006953417026,-0.893267506155571,4.525
0.597771552612157,0.109564940386276,0.563890628632877,0.577220087842045,0.144705880098861,-0.713772782267585,4.53
0.600657653051367,0.110288469786771,0.560321764721539,0.514942526990714,0.115377078992418,-0.54162876613022,4.535
0.603232365686321,0.110865355181733,0.557613620890888,0.443132970379079,0.0861565021320732,-0.381509263256619,4.54
0.605448030538216,0.111296137692393,0.555706074574605,0.364263041858992,0.0582019270318146,-0.237428518454963,4.545
0.607269345747511,0.111587147327552,0.55451893198233,0.28132092339368,0.0325990474869364,-0.112455726139316,4.55
0.60867595036448,0.111750142564987,0.553956653351634,0.197584770794346,0.0102802510206113,-0.0085522631385837,4.555
0.609663874218451,0.11180154382009,0.553913892035941,0.116359131618582,-0.00804139903432255,0.0734690535829641,4.56
0.610245669876544,0.111761336824918,0.554281237303855,0.0407124419720573,-0.0219211935813368,0.133879437899731,4.565
0.610449232086404,0.111651730857012,0.554950634493354,-0.0267489531686538,-0.031211768020159,0.173889249132286,4.57
0.610315487320561,0.111495672016911,0.555820080739016,-0.0840454311800798,-0.0360685032213898,0.195450529438701,4.575
0.609895260164661,0.111315329500804,0.556797333386209,-0.129916243029138,-0.0369295376188378,0.201034332755912,4.58
0.609245678949515,0.11113068181271,0.557802505049989,-0.16384036238275,-0.0344721138993254,0.193407656402433,4.585
0.608426477137601,0.110958321243213,0.558769543332001,-0.185995613739354,-0.0295504663902157,0.175430378056696,4.59
0.607496499068905,0.110810568911262,0.559646695222284,-0.197169722674739,-0.0231222104094514,0.149886497334162,4.595
0.606510650455531,0.110694957859215,0.560396127708955,-0.198637874494367,-0.0161700793208153,0.11935707940407,4.6
0.605517461083059,0.110614107462611,0.560992913105975,-0.19202088851118,-0.00962504130897768,0.0861359925985239,4.605
0.604557356640503,0.110565982256066,0.561423593068968,-0.179137161013898,-0.00429628983859565,0.052184761939289,4.61
0.603661670835434,0.110544500806873,0.561684516878664,-0.161860164229122,-0.000813270371002872,0.0191198092093225,4.615
0.602852370014288,0.110540434455018,0.561780115924711,-0.141991330923363,0.000415843672429972,-0.0117761773779534,4.62
0.602142413359671,0.11054251367338,0.561721235037821,-0.121155628496039,-0.00077370614002259,-0.0395272750311371,4.625
0.601536635217191,0.11053864514268,0.561523598662666,-0.100724307357836,-0.00430153454418769,-0.0634295891424497,4.63
0.601033013680402,0.110517137469959,0.561206450716953,-0.0817665925164857,-0.00986010209539923,-0.0830151397702039,4.635
0.600624180717819,0.110467836959482,0.560791375018102,-0.0650297693907564,-0.016950454971193,-0.0980188218599576,4.64
0.600299031870866,0.110383084684626,0.560301280908803,-0.0509452192051008,-0.0249326863285659,-0.108350783773936,4.645
0.60004430577484,0.110258421252983,0.559759526989933,-0.0396563678658701,-0.0330868410158613,-0.114074706679212,4.65
0.599846023935511,0.110092987047904,0.559189153456537,-0.0310632464254335,-0.0406786210295995,-0.115391073769122,4.655
0.599690707703384,0.109889593942756,0.558612198087691,-0.024877619555963,-0.047023425434628,-0.112623604337392,4.66
0.599566319605604,0.109654476815583,0.558049080066004,-0.0206825900062046,-0.0515426274510455,-0.106206552824806,4.665
0.599462906655573,0.109396763678327,0.55751804730188,-0.0179912102027835,-0.0538075337108312,-0.0966704995122969,4.67
0.599372950604559,0.109127726009773,0.557034694804319,-0.0162997201688331,-0.0535684264676678,-0.0846245960271386,4.675
0.599291452003715,0.108859883877435,0.556611571824183,-0.0151323232470357,-0.0507676615125491,-0.0707340664175993,4.68
0.59921579038748,0.108606045569872,0.556257901492095,-0.0140757122593982,-0.0455368746247076,-0.0556930638286657,4.685
0.599145411826183,0.108378361196749,0.555979436172952,-0.012802731726258,-0.0381793386977747,-0.0401943653177916,4.69
0.599081398167551,0.10818746450326,0.555778464346363,-0.0110854948897954,-0.0291396271235145,-0.0248983384789847,4.695
